Part	Link
Rfbb,Vishay-Dale,CRCW040211K5FKED,1,0.01,3,Resistance: 11.5 kΩ  Tolerance: 1.0%  Power: 63 mW	
Rt,Vishay-Dale,CRCW0402232KFKED,1,0.01,3,Resistance: 232 kΩ  Tolerance: 1.0%  Power: 63 mW	
Rcomp,Yageo,RC0201FR-0718K7L,1,0.01,2.08,Resistance: 18.7 kΩ  Tolerance: 1.0%  Power: 50 mW	
Coutx,MuRata,GRM21BR61E106MA73L,2,0.04,6.75,Cap: 10 µF  Total Derated Cap: 9.6 µF  VDC: 25 V  ESR: 4 mΩ  Package: 0805	
Cout,MuRata,GRM32ER61C476KE15L,2,0.17,14.7,Cap: 47 µF  Total Derated Cap: 63 µF  VDC: 16 V  ESR: 3.04 mΩ  Package: 1210	
L1,Bourns,SRR1210-8R2Y,1,0.64,196,L: 8.2 µH  DCR: 17 mΩ  IDC: 7.3 A	
Ccomp2,AVX,06031U6R8BAT2A,1,0.05,4.68,Cap: 6.8 pF  Total Derated Cap: 6.8 pF  VDC: 100 V  ESR: 0 Ω  Package: 0603	
Cboot,AVX,08053C104KAT2A,1,0.01,6.75,Cap: 100 nF  Total Derated Cap: 100 nF  VDC: 25 V  ESR: 280 mΩ  Package: 0805	
Rfbt,Vishay-Dale,CRCW040260K4FKED,1,0.01,3,Resistance: 60.4 kΩ  Tolerance: 1.0%  Power: 63 mW	
Cin,MuRata,GRM32ER72A225KA35L,3,0.7,14.7,Cap: 2.2 µF  Total Derated Cap: 3.3 µF  VDC: 100 V  ESR: 7 mΩ  Package: 1210	
Ccomp,TDK,CGA4C2C0G1H822J060AA,1,0.06,6.75,Cap: 8.2 nF  Total Derated Cap: 8.2 nF  VDC: 50 V  ESR: 0 Ω  Package: 0805	
U1,Texas Instruments,TPS54560BQDDARQ1,1,2.759,55.2,	https://www.digikey.com.au/en/products/detail/texas-instruments/TPS54560BQDDARQ1/6820640
D1,Diodes Inc.,STPS30M60,1,0.79,79.3,Type: Schottky  VRRM: 60 V  Io: 30 A	
