Reference,Value,Datasheet,Footprint,Qty,Link,Price
"C1,C2,C3",2.2u,~,Capacitor_SMD:C_0603_1608Metric,3,,
C4,100n,~,Capacitor_SMD:C_0603_1608Metric,1,,
C5,8.2n,~,Capacitor_SMD:C_0603_1608Metric,1,,
"C6,C8,C11",47u,~,Capacitor_SMD:C_1808_4520Metric,3,https://www.digikey.com.au/en/products/detail/murata-electronics/GRM21BR61C226ME44L/4905531,$0.49
"C7,C10",0.1u,~,Capacitor_SMD:C_0603_1608Metric,2,,
C9,6.8p,~,Capacitor_SMD:C_0603_1608Metric,1,,
D1,STPS30M60,~,Package_TO_SOT_THT:TO-220-3_Vertical,1,https://www.digikey.com.au/en/products/detail/stmicroelectronics/STPS30M60ST/2827142,$3.75
D2,US1A,https://www.diodes.com/assets/Datasheets/ds16008.pdf,Diode_SMD:D_SMA,1,https://www.digikey.com.au/en/products/detail/diodes-incorporated/S1A-13-F/749977,$0.22
J1,GPIO,,Connector_PinSocket_2.54mm:PinSocket_2x20_P2.54mm_Vertical,1,,
"J2,J5,J6",Conn_01x02_Socket,~,Connector_AMASS:AMASS_XT90PW-M_1x02_P10.90mm_Horizontal,3,,
"J3,J4",Conn_01x04_Socket,~,Connector_JST:JST_EH_B4B-EH-A_1x04_P2.50mm_Vertical,2,,
J7,Screw_Terminal_01x02,~,TerminalBlock:TerminalBlock_MaiXu_MX126-5.0-02P_1x02_P5.00mm,1,,
"J11,J12,J13",Conn_01x03_Socket,~,Connector_JST:JST_EH_B3B-EH-A_1x03_P2.50mm_Vertical,3,,
L2,8.2u,https://www.bourns.com/data/global/pdfs/SRR1210.pdf,Inductor_SMD:L_Bourns_SRR1210A,1,https://www.digikey.com.au/en/products/detail/bourns-inc/SRR1210-8R2Y/2562369,$1.90
M1,AO3400A,http://www.aosmd.com/pdfs/datasheet/AO3400A.pdf,Package_TO_SOT_SMD:SOT-23,1,https://www.digikey.com.au/en/products/detail/umw/AO3400A/16705910,$0.28
R1,10k,~,Resistor_SMD:R_0603_1608Metric_Pad0.98x0.95mm_HandSolder,1,,
R2,1k,~,Resistor_SMD:R_0603_1608Metric_Pad0.98x0.95mm_HandSolder,1,,
R5,60.4k,~,Resistor_SMD:R_0603_1608Metric_Pad0.98x0.95mm_HandSolder,1,,
R6,11.5k,~,Resistor_SMD:R_0603_1608Metric_Pad0.98x0.95mm_HandSolder,1,,
R7,18.7k,~,Resistor_SMD:R_0603_1608Metric_Pad0.98x0.95mm_HandSolder,1,,
R8,232k,~,Resistor_SMD:R_0603_1608Metric_Pad0.98x0.95mm_HandSolder,1,,
R9,100k,~,Resistor_SMD:R_0603_1608Metric_Pad0.98x0.95mm_HandSolder,1,,
R10,20k,~,Resistor_SMD:R_0603_1608Metric_Pad0.98x0.95mm_HandSolder,1,,
U1,TPS54560BDDA,https://www.ti.com/lit/ds/symlink/tps54560b.pdf,Package_SO:Texas_R-PDSO-G8_EP2.95x4.9mm_Mask2.4x3.1mm_ThermalVias,1,https://www.digikey.com.au/en/products/detail/texas-instruments/TPS54560BQDDARQ1/6820640,$10.34 (sorry)
